{
  "training_stats": {
    "num_episodes": 100,
    "total_reward": -142590.0,
    "average_reward": -1425.9,
    "best_reward": 4690.0,
    "worst_reward": -4970.0,
    "reward_std": 2236.5554296730497,
    "average_episode_length": 480.0,
    "policy_stats": {
      "episodes": 100,
      "total_reward": -142590.0,
      "average_reward": -1425.9,
      "best_reward": 4690.0,
      "exploration_rate": 0.0970299,
      "queue_threshold": 0.11000000000000001
    }
  },
  "episode_rewards": [
    -3990.0,
    -2100.0,
    4690.0,
    -4060.0,
    -4270.0,
    2800.0,
    280.0,
    980.0,
    -4760.0,
    -3780.0,
    -3360.0,
    70.0,
    -4340.0,
    700.0,
    2520.0,
    700.0,
    -1820.0,
    -3150.0,
    -2800.0,
    -2940.0,
    -2870.0,
    -3080.0,
    -70.0,
    -3080.0,
    -1470.0,
    -1470.0,
    0.0,
    -2660.0,
    -3990.0,
    -3570.0,
    -3010.0,
    -3290.0,
    -980.0,
    -1190.0,
    -3500.0,
    -2100.0,
    -3010.0,
    1540.0,
    -2100.0,
    -1960.0,
    -1330.0,
    1750.0,
    -1960.0,
    -3430.0,
    -3710.0,
    -2940.0,
    -3220.0,
    -1330.0,
    -3780.0,
    350.0,
    420.0,
    -2240.0,
    -3010.0,
    -4270.0,
    -2310.0,
    -3150.0,
    -2590.0,
    -2030.0,
    140.0,
    1400.0,
    560.0,
    1750.0,
    910.0,
    -700.0,
    -2310.0,
    -2380.0,
    -1050.0,
    -3290.0,
    -1750.0,
    3010.0,
    -2100.0,
    -1190.0,
    2310.0,
    -4830.0,
    -840.0,
    -2940.0,
    -2380.0,
    -3010.0,
    2800.0,
    3010.0,
    -1400.0,
    -3640.0,
    -560.0,
    2310.0,
    2030.0,
    -3710.0,
    -2940.0,
    -420.0,
    -4340.0,
    -1750.0,
    2380.0,
    -3710.0,
    -4970.0,
    -2030.0,
    70.0,
    -3080.0,
    2520.0,
    -420.0,
    280.0,
    2940.0
  ],
  "episode_lengths": [
    480,
    480,
    480,
    480,
    480,
    480,
    480,
    480,
    480,
    480,
    480,
    480,
    480,
    480,
    480,
    480,
    480,
    480,
    480,
    480,
    480,
    480,
    480,
    480,
    480,
    480,
    480,
    480,
    480,
    480,
    480,
    480,
    480,
    480,
    480,
    480,
    480,
    480,
    480,
    480,
    480,
    480,
    480,
    480,
    480,
    480,
    480,
    480,
    480,
    480,
    480,
    480,
    480,
    480,
    480,
    480,
    480,
    480,
    480,
    480,
    480,
    480,
    480,
    480,
    480,
    480,
    480,
    480,
    480,
    480,
    480,
    480,
    480,
    480,
    480,
    480,
    480,
    480,
    480,
    480,
    480,
    480,
    480,
    480,
    480,
    480,
    480,
    480,
    480,
    480,
    480,
    480,
    480,
    480,
    480,
    480,
    480,
    480,
    480,
    480
  ],
  "config": {
    "algorithm": "Simple Rule-based Policy",
    "num_agents": 7,
    "agents": [
      "agent_带锯机",
      "agent_五轴加工中心",
      "agent_砂光机",
      "agent_封边机",
      "agent_钻孔机",
      "agent_组装台",
      "agent_包装台"
    ]
  }
}