{
  "training_stats": {
    "num_episodes": 100,
    "total_reward": -9749110.0,
    "average_reward": -97491.1,
    "best_reward": -43190.0,
    "worst_reward": -124530.0,
    "reward_std": 21076.740445097294,
    "average_episode_length": 480.0,
    "policy_stats": {
      "episodes": 100,
      "total_reward": -9749110.0,
      "average_reward": -97491.1,
      "best_reward": -43190.0,
      "exploration_rate": 0.0970299,
      "queue_threshold": 0.1
    }
  },
  "episode_rewards": [
    -116130.0,
    -111090.0,
    -43190.0,
    -123760.0,
    -118930.0,
    -62090.0,
    -80430.0,
    -55860.0,
    -83230.0,
    -118790.0,
    -103460.0,
    -111160.0,
    -117460.0,
    -60690.0,
    -65660.0,
    -59430.0,
    -120260.0,
    -114100.0,
    -76860.0,
    -123060.0,
    -96460.0,
    -121660.0,
    -94920.0,
    -87990.0,
    -104860.0,
    -90930.0,
    -108990.0,
    -112490.0,
    -102760.0,
    -67830.0,
    -119560.0,
    -83930.0,
    -113890.0,
    -103390.0,
    -55160.0,
    -86730.0,
    -80290.0,
    -76160.0,
    -71330.0,
    -81760.0,
    -93660.0,
    -94430.0,
    -116760.0,
    -110530.0,
    -113330.0,
    -71960.0,
    -111160.0,
    -81900.0,
    -55160.0,
    -81060.0,
    -95830.0,
    -123690.0,
    -83860.0,
    -113260.0,
    -107590.0,
    -98490.0,
    -83230.0,
    -115990.0,
    -84490.0,
    -112420.0,
    -102620.0,
    -86030.0,
    -109690.0,
    -104230.0,
    -89460.0,
    -78260.0,
    -112630.0,
    -118930.0,
    -118160.0,
    -116060.0,
    -122990.0,
    -64260.0,
    -117390.0,
    -123690.0,
    -107660.0,
    -86660.0,
    -101990.0,
    -71890.0,
    -116060.0,
    -73430.0,
    -71190.0,
    -120960.0,
    -57960.0,
    -120890.0,
    -53760.0,
    -122290.0,
    -104090.0,
    -114100.0,
    -96460.0,
    -108360.0,
    -97230.0,
    -101360.0,
    -106960.0,
    -122990.0,
    -118090.0,
    -80990.0,
    -124530.0,
    -84560.0,
    -123760.0,
    -120960.0
  ],
  "episode_lengths": [
    480,
    480,
    480,
    480,
    480,
    480,
    480,
    480,
    480,
    480,
    480,
    480,
    480,
    480,
    480,
    480,
    480,
    480,
    480,
    480,
    480,
    480,
    480,
    480,
    480,
    480,
    480,
    480,
    480,
    480,
    480,
    480,
    480,
    480,
    480,
    480,
    480,
    480,
    480,
    480,
    480,
    480,
    480,
    480,
    480,
    480,
    480,
    480,
    480,
    480,
    480,
    480,
    480,
    480,
    480,
    480,
    480,
    480,
    480,
    480,
    480,
    480,
    480,
    480,
    480,
    480,
    480,
    480,
    480,
    480,
    480,
    480,
    480,
    480,
    480,
    480,
    480,
    480,
    480,
    480,
    480,
    480,
    480,
    480,
    480,
    480,
    480,
    480,
    480,
    480,
    480,
    480,
    480,
    480,
    480,
    480,
    480,
    480,
    480,
    480
  ],
  "config": {
    "algorithm": "Simple Rule-based Policy",
    "num_agents": 7,
    "agents": [
      "agent_带锯机",
      "agent_五轴加工中心",
      "agent_砂光机",
      "agent_封边机",
      "agent_钻孔机",
      "agent_组装台",
      "agent_包装台"
    ]
  }
}